PDB_ChainID,Pos,Res,pKa,PDBFile
A,15,LYS,10.42,eg5_3wpn.pdb
A,17,LYS,10.46,eg5_3wpn.pdb
A,34,LYS,10.38,eg5_3wpn.pdb
A,48,LYS,10.93,eg5_3wpn.pdb
A,60,LYS,10.03,eg5_3wpn.pdb
A,64,LYS,10.91,eg5_3wpn.pdb
A,77,LYS,10.46,eg5_3wpn.pdb
A,146,LYS,11.58,eg5_3wpn.pdb
A,157,LYS,10.66,eg5_3wpn.pdb
A,191,LYS,10.27,eg5_3wpn.pdb
A,197,LYS,10.21,eg5_3wpn.pdb
A,207,LYS,11.42,eg5_3wpn.pdb
A,216,LYS,10.6,eg5_3wpn.pdb
A,220,LYS,11.25,eg5_3wpn.pdb
A,246,LYS,10.56,eg5_3wpn.pdb
A,257,LYS,11.29,eg5_3wpn.pdb
A,260,LYS,10.76,eg5_3wpn.pdb
A,315,LYS,10.52,eg5_3wpn.pdb
A,357,LYS,10.77,eg5_3wpn.pdb
A,362,LYS,10.25,eg5_3wpn.pdb
A,368,LYS,10.4,eg5_3wpn.pdb
